per,k,i,j,q,boundname
0,8,835,294,-279.42177372633023,wel_1362
0,8,839,293,-279.42177372633023,wel_1363
0,8,839,296,-279.42177372633023,wel_1364
0,8,835,300,-279.42177372633023,wel_1365
0,8,839,300,-279.42177372633023,wel_1366
0,8,721,226,-279.42177372633023,wel_1398
0,8,736,282,-279.42177372633023,wel_1399
0,8,747,213,-279.42177372633023,wel_1400
0,8,749,322,-279.42177372633023,wel_1401
0,8,749,323,-279.42177372633023,wel_1402
0,8,750,320,-279.42177372633023,wel_1403
0,8,748,319,-279.42177372633023,wel_1404
0,8,754,271,-279.42177372633023,wel_1405
0,8,749,263,-279.42177372633023,wel_1406
0,8,750,261,-279.42177372633023,wel_1407
0,8,755,222,-279.42177372633023,wel_1408
0,8,754,219,-279.42177372633023,wel_1409
0,8,756,219,-279.42177372633023,wel_1410
0,8,762,231,-279.42177372633023,wel_1411
0,8,763,266,-279.42177372633023,wel_1412
0,8,763,272,-279.42177372633023,wel_1413
0,8,761,279,-279.42177372633023,wel_1414
0,8,759,283,-279.42177372633023,wel_1415
0,8,760,295,-279.42177372633023,wel_1416
0,8,760,304,-279.42177372633023,wel_1417
0,8,758,318,-279.42177372633023,wel_1418
0,8,758,320,-279.42177372633023,wel_1419
0,8,752,322,-279.42177372633023,wel_1420
0,8,754,322,-279.42177372633023,wel_1421
0,8,756,322,-279.42177372633023,wel_1422
0,8,763,324,-279.42177372633023,wel_1423
0,8,764,328,-279.42177372633023,wel_1424
0,8,766,316,-279.42177372633023,wel_1425
0,8,765,303,-279.42177372633023,wel_1426
0,8,765,272,-279.42177372633023,wel_1427
0,8,766,273,-279.42177372633023,wel_1428
0,8,765,267,-279.42177372633023,wel_1429
0,8,767,267,-279.42177372633023,wel_1430
0,8,766,264,-279.42177372633023,wel_1431
0,8,784,212,-279.42177372633023,wel_1432
0,8,778,259,-279.42177372633023,wel_1433
0,8,778,256,-279.42177372633023,wel_1434
0,8,774,260,-279.42177372633023,wel_1435
0,8,775,290,-279.42177372633023,wel_1436
0,8,772,290,-279.42177372633023,wel_1437
0,8,774,293,-279.42177372633023,wel_1438
0,8,772,303,-279.42177372633023,wel_1439
0,8,771,313,-279.42177372633023,wel_1440
0,8,771,319,-279.42177372633023,wel_1441
0,8,778,312,-279.42177372633023,wel_1442
0,8,777,307,-279.42177372633023,wel_1443
0,8,776,304,-279.42177372633023,wel_1444
0,8,781,294,-279.42177372633023,wel_1445
0,8,778,290,-279.42177372633023,wel_1446
0,8,780,280,-279.42177372633023,wel_1447
0,8,785,279,-279.42177372633023,wel_1448
0,8,784,275,-279.42177372633023,wel_1449
0,8,784,271,-279.42177372633023,wel_1450
0,8,781,271,-279.42177372633023,wel_1451
0,8,784,263,-279.42177372633023,wel_1452
0,8,787,263,-279.42177372633023,wel_1453
0,8,782,254,-279.42177372633023,wel_1454
0,8,783,256,-279.42177372633023,wel_1455
0,8,787,256,-279.42177372633023,wel_1456
0,8,790,234,-279.42177372633023,wel_1457
0,8,794,231,-279.42177372633023,wel_1458
0,8,792,253,-279.42177372633023,wel_1459
0,8,796,253,-279.42177372633023,wel_1460
0,8,790,260,-279.42177372633023,wel_1461
0,8,795,260,-279.42177372633023,wel_1462
0,8,795,262,-279.42177372633023,wel_1463
0,8,795,263,-279.42177372633023,wel_1464
0,8,790,264,-279.42177372633023,wel_1465
0,8,793,264,-279.42177372633023,wel_1466
0,8,789,268,-279.42177372633023,wel_1467
0,8,791,268,-279.42177372633023,wel_1468
0,8,788,271,-279.42177372633023,wel_1469
0,8,789,273,-279.42177372633023,wel_1470
0,8,788,276,-279.42177372633023,wel_1471
0,8,793,272,-279.42177372633023,wel_1472
0,8,794,274,-279.42177372633023,wel_1473
0,8,797,329,-279.42177372633023,wel_1474
0,8,798,268,-279.42177372633023,wel_1475
0,8,797,265,-279.42177372633023,wel_1476
0,8,799,265,-279.42177372633023,wel_1477
0,8,801,269,-279.42177372633023,wel_1478
0,8,799,260,-279.42177372633023,wel_1479
0,8,802,262,-279.42177372633023,wel_1480
0,8,801,260,-279.42177372633023,wel_1481
0,8,799,262,-279.42177372633023,wel_1482
0,8,798,252,-279.42177372633023,wel_1483
0,8,804,253,-279.42177372633023,wel_1484
0,8,804,254,-279.42177372633023,wel_1485
0,8,806,248,-279.42177372633023,wel_1486
0,8,803,249,-279.42177372633023,wel_1487
0,8,808,250,-279.42177372633023,wel_1488
0,8,809,249,-279.42177372633023,wel_1489
0,8,811,249,-279.42177372633023,wel_1490
0,8,808,252,-279.42177372633023,wel_1491
0,8,810,255,-279.42177372633023,wel_1492
0,8,810,257,-279.42177372633023,wel_1493
0,8,805,261,-279.42177372633023,wel_1494
0,8,811,263,-279.42177372633023,wel_1495
0,8,805,266,-279.42177372633023,wel_1496
0,8,806,268,-279.42177372633023,wel_1497
0,8,805,270,-279.42177372633023,wel_1498
0,8,809,270,-279.42177372633023,wel_1499
0,8,810,273,-279.42177372633023,wel_1500
0,8,810,275,-279.42177372633023,wel_1501
0,8,808,275,-279.42177372633023,wel_1502
0,8,808,278,-279.42177372633023,wel_1503
0,8,803,308,-279.42177372633023,wel_1504
0,8,807,328,-279.42177372633023,wel_1505
0,8,810,329,-279.42177372633023,wel_1506
0,8,811,325,-279.42177372633023,wel_1507
0,8,808,324,-279.42177372633023,wel_1508
0,8,811,305,-279.42177372633023,wel_1509
0,8,813,307,-279.42177372633023,wel_1510
0,8,816,295,-279.42177372633023,wel_1511
0,8,813,274,-279.42177372633023,wel_1512
0,8,814,264,-279.42177372633023,wel_1513
0,8,816,261,-279.42177372633023,wel_1514
0,8,820,203,-279.42177372633023,wel_1515
0,8,822,205,-279.42177372633023,wel_1516
0,8,825,206,-279.42177372633023,wel_1517
0,8,826,191,-279.42177372633023,wel_1518
0,8,828,211,-279.42177372633023,wel_1519
0,8,832,215,-279.42177372633023,wel_1520
0,8,823,259,-279.42177372633023,wel_1521
0,8,822,263,-279.42177372633023,wel_1522
0,8,825,263,-279.42177372633023,wel_1523
0,8,824,286,-279.42177372633023,wel_1524
0,8,824,284,-279.42177372633023,wel_1525
0,8,820,286,-279.42177372633023,wel_1526
0,8,819,290,-279.42177372633023,wel_1527
0,8,819,293,-279.42177372633023,wel_1528
0,8,819,295,-279.42177372633023,wel_1529
0,8,823,295,-279.42177372633023,wel_1530
0,8,823,292,-279.42177372633023,wel_1531
0,8,820,305,-279.42177372633023,wel_1532
0,8,816,311,-279.42177372633023,wel_1533
0,8,818,316,-279.42177372633023,wel_1534
0,8,824,315,-279.42177372633023,wel_1535
0,8,828,317,-279.42177372633023,wel_1536
0,8,827,309,-279.42177372633023,wel_1537
0,8,830,307,-279.42177372633023,wel_1538
0,8,827,300,-279.42177372633023,wel_1539
0,8,830,298,-279.42177372633023,wel_1540
0,8,831,293,-279.42177372633023,wel_1541
0,8,827,293,-279.42177372633023,wel_1542
0,8,826,296,-279.42177372633023,wel_1543
0,8,828,287,-279.42177372633023,wel_1544
0,8,828,283,-279.42177372633023,wel_1545
0,8,816,309,-279.42177372633023,wel_1546
0,8,779,242,-279.42177372633023,wel_1547
0,8,776,274,-279.42177372633023,wel_1548
0,8,723,210,-279.42177372633023,wel_1549
0,8,723,206,-279.42177372633023,wel_1550
0,8,115,52,-279.42177372633023,wel_1551
0,8,172,80,-279.42177372633023,wel_1552
0,8,576,59,-46.92200244028408,wel_292193
0,8,282,36,-12.436670295274581,wel_400001
0,8,578,228,-2129.0024961723175,wel_400003
0,8,390,28,-1.813681084727543,wel_400029
0,8,735,19,-271.6749170435081,wel_400037
0,8,738,126,-1.7722255170766277,wel_400073
0,8,761,185,-11.503920023128988,wel_400074
0,8,709,195,-108.55140389392163,wel_400076
0,8,102,47,-566.8427042747899,wel_400082
0,8,73,79,-248.0110426391744,wel_400083
0,8,608,220,-523.6667305663617,wel_400178
0,8,564,185,-2297.281009159295,wel_400180
0,8,515,54,-1832.9731586063303,wel_400182
0,8,532,58,-1264.3036111040838,wel_400184
0,8,539,70,-230.04730878684154,wel_400185
0,8,526,102,-513.6033915191019,wel_400187
0,8,215,24,-623.3134785288667,wel_400818
0,8,261,109,-107.00718399892504,wel_400838
0,8,238,112,-5.181945956364409,wel_400862
0,8,238,119,-4.145556765091527,wel_400865
0,8,238,119,-260.29950928009697,wel_400866
0,8,223,125,-0.7780899131319414,wel_400870
0,8,324,143,-12.436670295274581,wel_400885
0,8,500,182,-207.27783825457635,wel_400890
0,8,501,181,-207.27783825457635,wel_400892
0,8,384,137,-10.363891912728818,wel_400896
0,8,285,57,-4.9746681181098324,wel_400906
0,8,274,51,-3.7310010885823743,wel_400908
0,8,273,50,-3.7310010885823743,wel_400909
0,8,290,42,-13.991254082183904,wel_400910
0,8,277,62,-89.54402612597698,wel_400911
0,8,277,62,-89.54402612597698,wel_400912
0,8,563,261,-4.622295793077052,wel_400928
0,8,560,269,-340.2672992787125,wel_400937
0,8,536,266,-4.269923468044273,wel_400942
0,8,566,205,-23.505306858068955,wel_400962
0,8,538,275,-10.363891912728818,wel_400966
0,8,540,275,-10.363891912728818,wel_400970
0,8,519,247,-466.37513607279675,wel_400971
0,8,520,247,-2.5909729781822044,wel_400974
0,8,445,179,-134.31603918896548,wel_401006
0,8,445,181,-134.31603918896548,wel_401007
0,8,550,237,-3.1091675738186453,wel_401010
0,8,505,163,-168.34997202171607,wel_401016
0,8,504,163,-166.34580260363256,wel_401018
0,8,483,186,-128.09770404132817,wel_401020
0,8,522,205,-46.740095409431866,wel_401040
0,8,522,205,-856.5319205992731,wel_401041
0,8,330,169,-179.08805225195397,wel_401119
0,8,304,118,-7.753973740130145,wel_401277
0,8,304,118,-7.753973740130145,wel_401279
0,8,304,118,-7.753973740130145,wel_401280
0,8,318,125,-107.6735822489135,wel_401281
0,8,441,113,-0.8427398708835437,wel_401290
0,8,363,81,-138.18522204842026,wel_401299
0,8,363,81,-138.18523241231216,wel_401304
0,8,331,65,-62.680818288183886,wel_401309
0,8,300,89,-37.68311099468198,wel_401314
0,8,370,8,-38.79308381853524,wel_401341
0,8,370,8,-97.9398149644786,wel_401342
0,8,351,59,-3.388992655462323,wel_401387
0,8,380,35,-57.265062930268314,wel_401395
0,8,380,36,-25.32487463340293,wel_401396
0,8,573,146,-9.831799338037406,wel_401404
0,8,408,21,-191.7320003854831,wel_401407
0,8,419,112,-15.776952658747078,wel_401411
0,8,408,99,-18.65500544291187,wel_401418
0,8,429,124,-1.241490612225785,wel_401445
0,8,396,69,-8.956475390980243,wel_401460
0,8,420,69,-8.291113530183054,wel_401470
0,8,639,4,-0.7565641096292036,wel_401687
0,8,777,196,-21.743932335824958,wel_402023
0,8,810,224,-492.4921436928734,wel_402027
0,8,816,222,-5.907418390255426,wel_402028
0,8,809,217,-56.742308222190275,wel_402029
0,8,812,227,-1.418557705554757,wel_402030
0,8,822,219,-291.01808490942517,wel_402031
0,8,817,216,-250.72327315273554,wel_402033
0,8,817,218,-136.18153973325667,wel_402034
0,8,812,215,-149.24004354329497,wel_402035
0,8,813,223,-522.3401524015324,wel_402036
0,8,736,137,-0.3316445412073222,wel_402045
0,8,747,148,-6.529251905019155,wel_402049
0,9,737,135,-2.269692328887611,wel_402057
0,8,732,139,-1.8914102740730092,wel_402058
0,8,210,16,-93.27502721455936,wel_402116
0,8,99,74,-8.083835691928478,wel_402146
0,8,98,75,-58.03779471128138,wel_402147
0,8,135,130,-35.537785368747116,wel_402178
0,8,164,125,-62.680818288183886,wel_402182
0,8,191,74,-10.407420258762277,wel_402185
0,8,190,73,-10.407420258762277,wel_402189
0,8,193,84,-13.05850381003831,wel_402198
0,8,193,84,-13.05850381003831,wel_402200
0,8,132,100,-103.09533299646554,wel_402214
0,8,159,75,-1.5794571274998717,wel_402224
0,8,120,120,-497.7967048544573,wel_402229
0,8,119,120,-454.8114682127909,wel_402230
0,8,120,118,-35.719205296679434,wel_402231
0,8,119,118,-44.72946928668674,wel_402233
0,8,182,96,-128.8687775996352,wel_402278
0,8,203,118,-242.7367751336514,wel_402279
0,8,101,50,-246.08024957583302,wel_402318
0,8,407,83,-3.7915262173527102,wel_403087
0,8,417,59,-344.34030880041496,wel_403187
0,8,417,61,-408.5342553078572,wel_403198
0,8,426,79,-8.083835691928478,wel_403252
0,8,426,79,-8.643485855215834,wel_403263
0,8,437,83,-8.394752449310342,wel_403285
0,8,400,112,-2.943345303214984,wel_403419
0,8,398,109,-215.79695740683943,wel_403452
0,8,398,109,-106.86208951214684,wel_403463
0,8,404,112,-4.591204117338866,wel_403641
0,8,408,114,-1.585675462647509,wel_403674
0,8,410,122,-6.093968444684545,wel_403752
0,8,413,123,-177.33152803112512,wel_403840
0,8,413,123,-148.5755833410942,wel_403852
0,8,646,280,-5.181945956364409,wel_403991
0,8,594,44,-2.5909729781822044,wel_404002
0,8,603,268,-14.595468980695992,wel_404012
0,8,582,280,-3.627362169455086,wel_404020
0,8,558,178,-46.62196776941058,wel_404033
0,8,559,176,-13.92907073070753,wel_404036
0,8,434,94,-8.291113530183054,wel_404040
0,8,558,112,-12.55896421984478,wel_404090
0,8,553,113,-9.078769315550444,wel_404091
0,8,437,119,-650.002572982526,wel_404107
0,8,496,93,-1.5545837869093226,wel_404114
0,8,496,93,-1.8655005442911872,wel_404115
0,8,496,93,-46.63751360727968,wel_404117
0,8,520,83,-14.571632029296717,wel_404122
0,8,519,83,-0.5078307037237121,wel_404123
0,8,542,147,-103.17710410365697,wel_404132
0,8,562,145,-27.723410866549585,wel_404136
0,8,561,143,-5.181945956364409,wel_404137
0,8,585,253,-13.581880351631115,wel_404143
0,8,596,256,-2072.7783825457636,wel_404144
0,8,547,200,-37.31001088582374,wel_404160
0,8,578,102,-27.10390922746622,wel_404181
0,8,361,34,-31.64614395551744,wel_404185
0,8,361,34,-32.27523219462008,wel_404196
0,8,362,2,-3342.8422447749417,wel_404251
0,8,394,19,-1051.624112384593,wel_404318
0,8,396,20,-1051.624112384593,wel_404339
0,8,402,35,-1051.624112384593,wel_404394
0,8,356,77,-3.2438981686841197,wel_404417
0,8,350,71,-828.2926055571997,wel_404428
0,8,275,67,-4.9746681181098324,wel_404535
0,8,20,114,-2.987029107627136,wel_404545
0,8,349,23,-2.590869339263077,wel_404603
0,8,56,120,-15.545837869093226,wel_404643
0,8,55,122,-5.70014055200085,wel_404644
0,8,377,45,-30.13716129302413,wel_404650
0,8,382,54,-18.807354654028984,wel_404661
0,8,134,134,-36.563810668107266,wel_404663
0,8,106,95,-5.674230822219028,wel_404675
0,8,563,144,-27.723410866549585,wel_404676
0,8,69,142,-33.57900979724137,wel_404680
0,8,286,56,-4.9746681181098324,wel_404681
0,8,387,39,-0.6114696228510003,wel_404697
0,8,237,93,-78.35102286022986,wel_404700
0,8,343,11,-8.602030287564919,wel_404718
0,8,343,14,-133.69420567420175,wel_404719
0,8,343,11,-32.128064929459335,wel_404720
0,8,344,10,-0.9845697317092377,wel_404721
0,8,145,65,-49.24921436928734,wel_404726
0,8,147,64,-49.24921436928734,wel_404729
0,8,147,57,-84.05945452576088,wel_404730
0,8,120,129,-2.807412496887633,wel_404780
0,8,110,28,-1.8655005442911872,wel_404782
0,8,110,28,-0.5830725590101232,wel_404784
0,8,544,268,-46.915784105136446,wel_404821
0,8,577,103,-27.10390922746622,wel_404845
0,8,610,185,-0.4145556765091527,wel_404847
0,8,609,185,-124.36670295274581,wel_404848
0,8,612,190,-259.09729781822045,wel_404854
0,8,555,110,-6.8132225434279245,wel_404855
0,8,538,145,-0.7384272987819283,wel_404856
0,8,498,182,-259.09729781822045,wel_404884
0,8,558,299,-133.12230539067355,wel_404885
0,8,159,67,-192.77690869590825,wel_404895
0,8,557,112,-13.626445086855849,wel_404908
0,8,391,26,-1.14002811040017,wel_404954
0,8,391,30,-1.0363891912728818,wel_404955
0,8,388,21,-3.2646259525095775,wel_404961
0,8,388,20,-4.145556765091527,wel_404962
0,8,444,72,-0.5674230822219027,wel_404972
0,8,444,70,-0.3782820548146018,wel_404973
0,8,441,73,-0.3782820548146018,wel_404974
0,8,58,38,-2.0520505987203057,wel_404984
0,8,332,15,-2.804728248882236,wel_404987
0,8,203,90,-45.97422452486503,wel_404993
0,8,646,275,-446.9013831687793,wel_405016
0,8,544,54,-1468.5448290282304,wel_405028
0,8,533,110,-2019.362883627559,wel_405030
0,8,210,16,-0.5181945956364409,wel_405042
0,8,388,21,-0.6218335147637291,wel_405043
0,8,581,81,-412.327439747916,wel_405085
0,8,532,106,-393.68279819691685,wel_405095
0,8,356,75,-4.956013112666921,wel_405116
0,8,761,278,-155.45837869093225,wel_405121
0,8,757,285,-414.5556765091527,wel_405122
0,8,193,89,-34.82500870244919,wel_405123
0,8,368,94,-3.6454989803023614,wel_405125
0,8,566,160,-224.89645450621532,wel_405148
0,8,372,100,-64.42195212952232,wel_405158
0,8,54,66,-1421.3145008035426,wel_405165
0,8,372,100,-0.6736529743273731,wel_405169
0,8,167,16,-501.9336492253693,wel_405173
0,8,373,94,-226.40958272547374,wel_405181
0,8,769,262,-10.363891912728818,wel_405184
0,8,373,94,-226.40958272547374,wel_405192
0,8,378,107,-86.29748516485512,wel_405203
0,8,378,107,-86.29748516485512,wel_405214
0,8,818,252,-16.68068403353703,wel_405215
0,8,702,198,-217.1546272474069,wel_405252
0,8,258,28,-4.145556765091527,wel_405255
0,8,258,28,-15.110554408758615,wel_405256
0,8,357,40,-38.836114697756884,wel_405259
0,8,582,168,-122.4990778106125,wel_405295
0,8,548,29,-1447.8357002082157,wel_405298
0,8,719,211,-33.07117909351766,wel_405305
0,8,572,82,-1403.9964374173728,wel_405342
0,8,121,123,-0.7151085419782883,wel_405357
0,8,394,116,-1.4509448677820345,wel_405358
0,8,750,262,-103.63891912728818,wel_405375
0,8,753,260,-41.45556765091527,wel_405376
0,8,751,319,-313.5077303600467,wel_405377
0,8,746,325,-257.5427140313111,wel_405378
0,8,235,80,-125.40309214401869,wel_405387
0,8,171,10,-38.51222234770029,wel_405419
0,8,585,226,-3.1091675738186453,wel_405421
0,8,163,24,-40.29481175668964,wel_405422
0,8,314,22,-1544.1784394289427,wel_405425
0,8,324,99,-87.80289228463853,wel_405431
0,8,71,75,-94.75810014727085,wel_405437
0,8,356,9,-2328.6421460872125,wel_405469
0,8,407,29,-1051.624112384593,wel_405475
0,8,833,64,-31.52350802251412,wel_405489
0,8,703,202,-16.758413222882496,wel_405490
0,8,610,166,-65.29251905019154,wel_405530
0,8,551,243,-227.5392469439612,wel_405533
0,8,191,17,-74.62002177164749,wel_405557
0,8,586,238,-201.4740587834482,wel_405564
0,8,652,7,-1.1348461644438055,wel_405575
0,8,812,219,-71.63522090078159,wel_405576
0,8,321,81,-347.0867401572881,wel_405588
0,8,323,57,-1.1193003265747123,wel_405609
0,8,330,46,-1.1193003265747123,wel_405610
0,8,340,71,-1.9328658417239244,wel_405618
0,8,352,40,-9.078769315550444,wel_405624
0,8,350,56,-174.00974521471684,wel_405632
0,8,342,69,-3.357900979724137,wel_405635
0,8,313,100,-16.758413222882496,wel_405646
0,8,316,97,-3.1091675738186453,wel_405656
0,8,318,103,-12.436670295274581,wel_405658
0,8,318,102,-12.436670295274581,wel_405659
0,8,317,93,-3.005528654691357,wel_405660
0,8,325,85,-1.92768389576756,wel_405662
0,8,339,91,-60.680587149027225,wel_405675
0,8,340,91,-49.38394496415281,wel_405676
0,8,340,91,-35.57924093639803,wel_405677
0,8,756,3,-52.586387565186016,wel_405928
0,8,704,8,-397.67030561033926,wel_405952
0,8,740,6,-9.736876452008724,wel_405957
0,8,740,5,-9.736876452008724,wel_405958
0,8,740,4,-9.736876452008724,wel_405961
0,8,740,5,-9.736876452008724,wel_405963
0,8,740,5,-9.736876452008724,wel_405964
0,8,740,5,-9.736876452008724,wel_405965
0,8,832,193,-12.199596267770909,wel_406542
0,8,832,192,-1.8914102740730092,wel_406543
0,8,783,240,-35.48139543284996,wel_406549
0,8,822,192,-19.670666850359297,wel_406557
0,8,822,191,-19.670666850359297,wel_406559
0,8,821,191,-19.670666850359297,wel_406566
0,8,826,201,-7.943923151106638,wel_406569
0,8,831,63,-31.52350802251412,wel_406572
0,8,831,64,-31.52349765862221,wel_406573
0,8,820,121,-507.17777853321013,wel_406577
0,8,772,169,-195.19551978768988,wel_406588
0,8,760,184,-9.611473359864705,wel_406594
0,8,761,185,-225.77323976203218,wel_406595
0,8,776,214,-9.910989836142567,wel_406596
0,8,777,217,-56.69760875637068,wel_406598
0,8,744,269,-282.2709601350821,wel_406602
0,8,749,265,-1089.4419539741405,wel_406603
0,8,749,267,-1412.3082787313813,wel_406606
0,8,773,245,-112.11658271190035,wel_406608
0,8,739,272,-26.1750454147879,wel_406609
0,8,696,194,-282.22950456743115,wel_406620
0,8,692,201,-5.830725590101233,wel_406623
0,8,707,193,-1376.2434687310881,wel_406630
0,8,708,197,-712.8626866008001,wel_406631
0,8,702,227,-57.12473583376997,wel_406640
0,8,704,275,-704.7446500655595,wel_406642
0,8,704,276,-5.181945956364409,wel_406645
0,8,180,23,-817.3887548758178,wel_406713
0,8,180,24,-278.0041458346116,wel_406714
0,8,208,27,-3331.027407994431,wel_406717
0,8,209,28,-15.545837869093226,wel_406718
0,8,207,27,-1037.6328583024092,wel_406719
0,8,173,38,-95.9381743360218,wel_406723
0,8,173,37,-0.674689363518646,wel_406724
0,8,173,39,-1.3680337324802039,wel_406725
0,8,174,43,-5.951205833586705,wel_406727
0,8,174,45,-6.587424430325302,wel_406728
0,8,175,46,-7.419385853619607,wel_406729
0,8,174,46,-5.022601118206203,wel_406730
0,8,175,44,-7.419385853619607,wel_406731
0,8,174,44,-5.231827368140372,wel_406733
0,8,174,48,-7.405259868942558,wel_406734
0,8,174,41,-5.730714033143399,wel_406735
0,8,176,62,-58.37358480925379,wel_406736
0,8,175,62,-8.672504752571474,wel_406737
0,8,175,63,-8.672504752571474,wel_406738
0,8,172,61,-8.672504752571474,wel_406739
0,8,175,63,-8.672504752571474,wel_406740
0,8,174,61,-8.672504752571474,wel_406741
0,8,172,64,-8.672504752571474,wel_406742
0,8,174,63,-8.672504752571474,wel_406744
0,8,173,64,-8.672504752571474,wel_406745
0,8,174,63,-8.672504752571474,wel_406746
0,8,173,61,-8.672504752571474,wel_406747
0,8,174,60,-8.672504752571474,wel_406748
0,8,169,67,-8.672504752571474,wel_406749
0,8,171,66,-8.672504752571474,wel_406750
0,8,172,66,-8.672504752571474,wel_406751
0,8,174,66,-8.672504752571474,wel_406752
0,8,172,65,-8.672504752571474,wel_406753
0,8,172,68,-8.672504752571474,wel_406755
0,8,173,65,-8.672504752571474,wel_406756
0,8,173,66,-8.672504752571474,wel_406757
0,8,173,67,-8.672504752571474,wel_406758
0,8,178,80,-10.496518637536008,wel_406759
0,8,177,80,-13.995358183381343,wel_406760
0,8,182,47,-14.75300013776947,wel_406767
0,8,192,48,-22.69692328887611,wel_406773
0,8,160,81,-66.19935959255533,wel_406779
0,8,199,114,-126.67577807090179,wel_406795
0,8,199,114,-139.61716990232625,wel_406796
0,8,200,113,-99.25913840496898,wel_406798
0,8,201,110,-494.3472803452519,wel_406799
0,8,155,21,-176.2690736516917,wel_406806
0,8,153,23,-6.891988121964664,wel_406807
0,8,137,75,-1.753570511633716,wel_406813
0,8,140,76,-1.4478357002082158,wel_406814
0,8,140,76,-0.5140490388713493,wel_406815
0,8,149,61,-170.2891080180472,wel_406817
0,8,148,41,-20.271772581297565,wel_406820
0,8,153,73,-41.6110260296062,wel_406828
0,8,159,78,-11.01578071403946,wel_406829
0,8,158,79,-38.4936709811765,wel_406833
0,8,158,78,-10.361922773265398,wel_406834
0,8,122,99,-160.56777740390757,wel_406837
0,8,124,107,-214.76885932909673,wel_406838
0,8,131,100,-0.8705669206692206,wel_406845
0,8,130,98,-1.2436670295274581,wel_406847
0,8,124,137,-17.038238304526175,wel_406868
0,8,74,22,-485.00941373188317,wel_406875
0,8,67,21,-126.72656114127416,wel_406876
0,8,78,0,-675.6117498988789,wel_406878
0,8,82,2,-1270.8929735821966,wel_406879
0,8,91,4,-119.45421818611234,wel_406884
0,8,64,57,-391.21100997573103,wel_406886
0,8,66,41,-1.1763017320947207,wel_406888
0,8,66,41,-0.4301015143782459,wel_406889
0,8,66,44,-524.7953583956578,wel_406891
0,8,68,38,-314.7462154436178,wel_406892
0,8,62,33,-65.10078704980606,wel_406893
0,8,89,45,-3.854331402343847,wel_406897
0,8,94,32,-11.068636562794376,wel_406900
0,8,110,31,-33.66710287849956,wel_406901
0,8,96,49,-44.46638189048212,wel_406903
0,8,94,48,-29.2141530792765,wel_406906
0,8,66,112,-38.58020947864779,wel_406922
0,8,77,77,-233.67363456710535,wel_406923
0,8,104,79,-11.676997018071559,wel_406940
0,8,32,33,-816.6446274364839,wel_406945
0,8,30,30,-209.29568800998464,wel_406946
0,8,30,30,-321.33765070011333,wel_406947
0,8,35,34,-1223.9020512606928,wel_406948
0,8,55,59,-247.88356676864785,wel_406951
0,8,55,60,-247.88356676864785,wel_406952
0,8,55,59,-247.88356676864785,wel_406953
0,8,58,63,-604.0159117873657,wel_406955
0,8,58,63,-604.0159117873657,wel_406956
0,8,27,142,-13.473059486547463,wel_406966
0,8,656,211,-435.32491590226124,wel_409174
0,8,660,205,-588.4514189128295,wel_409175
0,8,658,211,-304.04549704372533,wel_409177
0,8,641,287,-669.2897758321143,wel_409179
0,8,610,18,-850.4609703585268,wel_409191
0,8,610,18,-850.4609703585268,wel_409192
0,8,629,76,-287.22490046936645,wel_409195
0,8,630,75,-202.76954527253932,wel_409197
0,8,613,126,-16.789504898620685,wel_409200
0,8,616,125,-2.4147868156658143,wel_409202
0,8,596,249,-193.93950936289434,wel_409207
0,8,597,252,-2881.5765074151204,wel_409208
0,8,600,224,-1465.5164998113312,wel_409211
0,8,600,219,-107.1232595883476,wel_409212
0,8,608,225,-579.5488357597955,wel_409215
0,8,581,290,-702.7402733696379,wel_409216
0,8,576,279,-666.8977895786564,wel_409217
0,8,576,267,-3.295717628247764,wel_409222
0,8,576,267,-1832.4915485491458,wel_409223
0,8,588,270,-431.00524575303587,wel_409227
0,8,595,272,-240.70968078665695,wel_409228
0,8,604,271,-30.032485984705566,wel_409229
0,8,604,272,-37.73907601101072,wel_409230
0,8,612,273,-35.5191303633042,wel_409234
0,8,621,263,-155.09564247398674,wel_409235
0,8,586,306,-19.32451286047415,wel_409237
0,8,589,310,-902.6638939229418,wel_409238
0,8,556,92,-84.65392736587502,wel_409267
0,8,557,97,-5.257384725597162,wel_409268
0,8,556,98,-7.459908670998377,wel_409269
0,8,556,98,-34.86309600522847,wel_409270
0,8,561,101,-62.1062441205422,wel_409276
0,8,561,100,-3.7828205481460184,wel_409278
0,8,564,98,-122.33538013785096,wel_409282
0,8,573,64,-381.3912223884205,wel_409298
0,8,571,67,-244.69148805952736,wel_409300
0,8,578,83,-412.327439747916,wel_409307
0,8,543,112,-1444.0352299521423,wel_409312
0,8,546,112,-2061.411203712531,wel_409313
0,8,558,107,-193.72580591165388,wel_409314
0,8,550,112,-1082.5458099315188,wel_409316
0,8,545,157,-288.9349426349667,wel_409328
0,8,553,160,-217.23753838270875,wel_409329
0,8,544,172,-284.6235635992715,wel_409333
0,8,554,196,-3854.937068187227,wel_409336
0,8,554,196,-424.73633481286447,wel_409337
0,8,561,170,-970.6095693027919,wel_409338
0,8,566,207,-164.39503832057537,wel_409339
0,8,567,202,-213.46508172647543,wel_409340
0,8,571,179,-1.435399029912941,wel_409344
0,8,577,183,-2443.9922630758842,wel_409345
0,8,529,46,-36.6467218034091,wel_409350
0,8,538,53,-47.10388874335247,wel_409353
0,8,537,52,-14.465920331786883,wel_409356
0,8,541,44,-86.71986557975838,wel_409357
0,8,540,44,-162.54002603489985,wel_409358
0,8,540,39,-55.332818922059154,wel_409360
0,8,538,41,-86.70328335269801,wel_409361
0,8,512,75,-26.510835512760313,wel_409364
0,8,512,76,-29.899828168222637,wel_409366
0,8,513,76,-60.62876768946358,wel_409367
0,8,511,94,-7.588338019580912,wel_409369
0,8,547,63,-20.53294265749833,wel_409390
0,8,543,56,-153.8861762877713,wel_409393
0,8,543,70,-919.147664010137,wel_409395
0,8,542,73,-2039.6419109331955,wel_409396
0,8,544,87,-342.5266277156874,wel_409397
0,8,537,89,-336.4015675952647,wel_409398
0,8,524,103,-593.7680954640593,wel_409414
0,8,541,115,-834.2165647189479,wel_409417
0,8,539,116,-810.8818267939787,wel_409418
0,8,478,78,-638.0944611748006,wel_409446
0,8,489,72,-1436.4509649420831,wel_409448
0,8,494,68,-6.8608964462264765,wel_409450
0,8,453,121,-1.4001617974096632,wel_409756
0,8,450,117,-1.3286509432118343,wel_409758
0,8,450,114,-1.270613148500553,wel_409759
0,8,397,4,-0.5181945956364409,wel_409772
0,8,398,5,-1.0363891912728818,wel_409773
0,8,233,169,-10.4944769508292,wel_409838
0,8,232,168,-2.0282136473210297,wel_409839
0,8,324,96,-5.60686552478629,wel_409850
0,8,92,35,-14.784091813507658,wel_409855
0,8,324,78,-4.114465089353341,wel_409864
0,8,481,72,-100.57120712112044,wel_409870
0,8,549,29,-1356.757818079155,wel_409871
0,8,439,118,-5920.331799578686,wel_409875
0,8,370,4,-1475.0098248033908,wel_409876
0,8,85,51,-2.5287896267058314,wel_409912
0,8,114,3,-149.04312959695312,wel_409916
0,8,151,29,-1058.6508311014231,wel_409922
0,8,327,59,-4.062645629789697,wel_409932
0,8,593,266,-675.1930486656046,wel_409942
0,8,73,80,-225.57943498326415,wel_409955
0,8,393,14,-1051.624112384593,wel_409980
0,8,154,16,-1024.0976154643854,wel_409984
0,8,436,70,-236.2552800425661,wel_409995
0,8,124,49,-366.0733901414073,wel_409996
0,8,124,49,-33.18725468294022,wel_409997
0,8,614,277,-121.47517710909446,wel_409998
0,8,552,302,-199.1473650490406,wel_410001
0,8,26,30,-783.6760508729022,wel_410007
0,8,483,58,-1988.1958105757076,wel_410048
0,8,191,73,-54.876724766763786,wel_410082
0,8,800,295,-417.4782940285422,wel_410083
0,8,620,265,-155.09564247398674,wel_410178
0,8,548,29,-422.12131760544474,wel_410184
0,8,502,53,-987.3771027505576,wel_410193
0,8,146,2,-6.785758229859193,wel_410229
0,8,145,2,-439.86430056003644,wel_410230
0,8,51,23,-92.6895709604093,wel_410243
0,8,709,186,-511.1678769196107,wel_410285
0,8,582,168,-122.4990778106125,wel_410292
0,8,195,6,-132.26917053620153,wel_410299
0,8,196,7,-132.26917053620153,wel_410300
0,8,223,36,-8.291113530183054,wel_410320
0,8,141,53,-144.28092126305424,wel_410347
0,8,142,53,-144.28092126305424,wel_410348
0,8,614,277,-121.47517710909446,wel_410361
0,8,582,269,-3.767274710276925,wel_410362
0,8,201,76,-59.16700291852466,wel_410384
0,8,201,76,-59.16700291852466,wel_410385
0,8,201,76,-59.16700291852466,wel_410392
0,8,38,23,-607.386249437385,wel_410405
0,8,52,109,-50.81105288053557,wel_410415
0,8,563,250,-88.63200363765684,wel_410459
0,8,564,249,-844.0871768321985,wel_410460
0,8,567,247,-3484.060635977785,wel_410461
0,8,565,245,-3559.105577317854,wel_410462
0,8,570,233,-849.8287729518503,wel_410465
0,8,566,198,-3.922733088967857,wel_410466
0,8,573,225,-1765.6755373877832,wel_410467
0,8,570,249,-867.6235753660056,wel_410470
0,8,555,295,-64.4841354809987,wel_410508
0,8,563,296,-1846.399891496028,wel_410509
0,8,563,296,-1846.399891496028,wel_410510
0,8,564,252,-13.473059486547463,wel_410520
0,8,573,268,-1212.295528707628,wel_410524
0,8,552,301,-54.776277926345614,wel_410529
0,8,552,308,-203.89402754507037,wel_410537
0,8,526,197,-1.5187869042427573,wel_410561
0,8,526,197,-599.854332445377,wel_410562
0,8,524,263,-63.79079111203714,wel_410594
0,8,484,109,-31.153859089662824,wel_410602
0,8,483,181,-70.18427603299955,wel_410610
0,8,396,143,-7.026718716830138,wel_410625
0,8,417,147,-23.584072436605695,wel_410642
0,8,418,146,-23.98826422120212,wel_410643
0,8,305,17,-250.5719603308097,wel_410671
0,8,305,17,-250.5719603308097,wel_410672
0,8,279,110,-52.959487674044254,wel_410740
0,8,283,118,-11.74228953712175,wel_410757
0,8,284,119,-34.85376850250701,wel_410758
0,8,283,119,-469.194114673059,wel_410759
0,8,213,29,-835.7235160586264,wel_410786
0,8,213,29,-1133.2915806568963,wel_410787
0,8,258,9,-6.827939269943999,wel_410788
0,8,261,9,-6.604908315982075,wel_410790
0,8,242,39,-2.0520505987203057,wel_410812
0,8,243,70,-30.262564385168147,wel_410830
0,8,243,70,-30.262564385168147,wel_410831
0,8,249,52,-2.1245978421094076,wel_410839
0,8,524,122,-2891.028376839529,wel_410983
0,8,759,321,-523.7910972693144,wel_410995
0,8,767,269,-286.04341679131534,wel_410996
0,8,442,118,-536.4765009704945,wel_411015
0,8,541,42,-52.29930775920343,wel_411053
0,8,608,184,-8.291113530183054,wel_411054
0,8,204,96,-231.41024348450068,wel_411114
0,8,608,188,-259.09729781822045,wel_411137
0,8,131,131,-8.000665459328829,wel_411158
0,8,131,131,-8.000665459328829,wel_411159
0,8,564,96,-222.06711201404036,wel_411178
0,8,158,77,-6.424576596700594,wel_411244
0,8,148,40,-20.271772581297565,wel_411252
0,8,96,21,-138.9279710901298,wel_411275
0,8,96,21,-108.35448994757978,wel_411276
0,8,102,45,-4.539384657775222,wel_411282
0,8,102,45,-4.539384657775222,wel_411283
0,8,102,45,-4.539384657775222,wel_411284
0,8,382,123,-89.54402612597698,wel_411323
0,8,396,113,-68.9546209853381,wel_411325
0,8,217,76,-1.2337176932912384,wel_411410
0,8,173,58,-248.0053424986224,wel_411433
0,8,510,105,-51.25980940035673,wel_411445
0,8,795,134,-1.7779256576286286,wel_411489
0,8,609,295,-2.228236761236696,wel_411492
0,8,616,275,-5.088670929149849,wel_411523
0,8,52,97,-0.5409951578444443,wel_411584
0,8,50,46,-136.6133616536924,wel_411631
0,8,50,46,-136.61337201758434,wel_411632
0,8,191,17,-1.689314381774797,wel_411637
0,8,191,17,-0.5596501632873562,wel_411638
0,8,805,220,-119.39203483463598,wel_411647
0,8,582,278,-163.07725909997998,wel_411733
0,8,582,278,-134.73059486547461,wel_411734
0,8,320,99,-106.9553645393614,wel_436944
0,8,845,491,-1049.7275201645637,wel_506097
0,8,740,487,-320.24426010332047,wel_506118
0,8,738,503,-173.07699494257125,wel_506121
0,8,740,503,-81.87474611055765,wel_506124
0,8,741,497,-97.00602830314173,wel_506130
0,8,752,511,-111.85748541408212,wel_506136
0,8,761,491,-37.31001088582374,wel_506151
0,8,762,491,-33.57900979724137,wel_506152
0,8,708,478,-29.101808490942517,wel_506162
0,8,674,512,-155.45837869093225,wel_506169
0,8,674,512,-114.002811040017,wel_506171
0,8,676,509,-155.45837869093225,wel_506173
0,8,677,509,-155.45837869093225,wel_506175
0,8,675,504,-134.73059486547461,wel_506177
0,8,700,465,-174.11338413384414,wel_506179
0,8,699,464,-174.11338413384414,wel_506182
0,8,699,464,-174.11338413384414,wel_506185
0,8,744,453,-25.909729781822044,wel_506203
0,8,744,453,-25.909729781822044,wel_506206
0,8,745,453,-31.091675738186453,wel_506209
0,8,687,530,-1128.25472918731,wel_506212
0,8,686,529,-1044.6803048030647,wel_506215
0,8,688,529,-1067.066311334559,wel_506218
0,8,685,530,-993.192489780628,wel_506221
0,8,684,529,-931.6309718190188,wel_506224
0,8,683,530,-2173.06976458524,wel_506227
0,8,683,529,-857.7571502650878,wel_506230
0,8,682,529,-545.8454592596013,wel_506233
0,8,697,539,-439.60520326221825,wel_506242
0,8,696,538,-388.11738823978146,wel_506245
0,8,696,538,-604.6709097562501,wel_506248
0,8,697,534,-710.8800740778951,wel_506251
0,8,698,540,-54.98044659702637,wel_506254
0,8,698,540,-12.208664673194546,wel_506257
0,8,791,455,-7.368727149950189,wel_506260
0,8,710,480,-116.07558942256276,wel_506266
0,8,735,549,-134.73059486547461,wel_506272
0,8,735,548,-134.73059486547461,wel_506275
0,8,735,547,-134.73059486547461,wel_506278
0,8,802,446,-264.2792437745848,wel_506281
0,8,803,446,-315.06231414695606,wel_506284
0,8,803,445,-75.65641096292036,wel_506287
0,8,805,444,-186.55005442911872,wel_506299
0,8,786,440,-148.20365435202208,wel_506305
0,8,805,446,-75.65641096292036,wel_506311
0,8,806,446,-315.06231414695606,wel_506314
0,8,805,446,-75.65641096292036,wel_506317
0,8,799,452,-186.55005442911872,wel_506320
0,8,765,520,-105.71169750983394,wel_506324
0,8,766,521,-642.5612985891867,wel_506326
0,8,715,446,-304.4496888283217,wel_506334
0,8,722,436,-755.1131647614216,wel_506373
0,8,721,437,-274.64313568731365,wel_506376
0,8,715,438,-347.6049347529245,wel_506379
0,8,718,485,-119.1847569963814,wel_506382
0,8,720,487,-107.7844758923797,wel_506389
0,8,711,509,-129.54864890911023,wel_506398
0,8,758,501,-172.3722502925057,wel_506407
0,8,761,461,-11.939203483463597,wel_506415
0,8,762,461,-11.939203483463597,wel_506418
0,8,762,461,-11.939203483463597,wel_506421
0,8,764,461,-6.529251905019155,wel_506424
0,8,765,460,-6.529251905019155,wel_506427
0,8,718,489,-31.091675738186453,wel_506430
0,8,765,466,-384.5003899622391,wel_506436
0,8,766,465,-109.85725427492547,wel_506439
0,8,710,509,-161.67671383856955,wel_506442
0,8,751,476,-396.9370602575137,wel_506451
0,8,750,476,-138.87615163056614,wel_506454
0,8,760,469,-93.27502721455936,wel_506457
0,8,760,470,-55.965016328735615,wel_506460
0,8,767,481,-31.091675738186453,wel_506463
0,8,768,481,-25.909729781822044,wel_506466
0,8,768,481,-25.909729781822044,wel_506469
0,8,768,481,-25.909729781822044,wel_506472
0,8,769,458,-21.764173016730517,wel_506493
0,8,770,458,-21.764173016730517,wel_506496
0,8,775,453,-80.83835691928478,wel_506499
0,8,679,500,-154.42198949965936,wel_506502
0,8,695,515,-187.38952967404975,wel_506505
0,8,701,518,-144.51410883109062,wel_506508
0,8,701,477,-185.8660375628786,wel_506511
0,8,753,477,-123.33031376147292,wel_506514
0,8,753,477,-89.12947044946783,wel_506517
0,8,753,477,-51.81945956364409,wel_506520
0,8,691,498,-65.91435256495528,wel_506529
0,8,765,469,-273.6067464960408,wel_506535
0,8,677,485,-155.45837869093225,wel_506538
0,8,739,515,-9.327502721455936,wel_506546
0,8,740,515,-9.327502721455936,wel_506549
0,8,725,471,-2.0727783825457635,wel_506552
0,8,828,556,-542.0315470357172,wel_506555
0,8,712,505,-70.96156792645421,wel_506558
0,8,717,496,-12.054864517209651,wel_506594
0,8,717,496,-41.74119651203007,wel_506595
0,8,717,495,-3.648504508957053,wel_506596
0,8,712,523,-7.989213358765263,wel_506597
0,8,690,517,-279.82508164367806,wel_506603
0,8,727,533,-74.24692166278925,wel_506616
0,8,726,533,-49.49794777519283,wel_506619
0,8,726,533,-49.49794777519283,wel_506622
0,8,725,533,-49.49794777519283,wel_506625
0,8,669,505,-57.0014055200085,wel_506628
0,8,670,505,-57.0014055200085,wel_506631
0,8,671,506,-57.0014055200085,wel_506634
0,8,737,499,-2.383695139927628,wel_506637
0,8,800,525,-165.30407600802462,wel_506646
0,8,800,524,-413.5192873178798,wel_506652
0,8,801,523,-288.42711193124296,wel_506655
0,8,799,522,-178.46621873719022,wel_506658
0,8,797,522,-212.8743398874499,wel_506661
0,8,755,469,-167.89504898620683,wel_506667
0,8,754,469,-139.91254082183903,wel_506670
0,8,743,434,-99.0788066856875,wel_506673
0,8,742,434,-96.07327803099614,wel_506676
0,8,751,439,-104.67530831856105,wel_506679
0,8,744,458,-137.83976243929328,wel_506682
0,8,712,483,-13.090735513886896,wel_506693
0,8,693,531,-73.23126025534182,wel_506699
0,8,693,531,-647.8187973175949,wel_506702
0,8,693,531,-5.373677956749892,wel_506705
0,8,767,445,-29.01889735564069,wel_506708
0,8,767,445,-29.01889735564069,wel_506711
0,8,742,443,-29.01889735564069,wel_506714
0,8,768,445,-29.01889735564069,wel_506717
0,8,770,448,-33.164454120732216,wel_506720
0,8,770,448,-33.164454120732216,wel_506723
0,8,773,448,-29.01889735564069,wel_506726
0,8,773,448,-29.01889735564069,wel_506729
0,8,763,444,-55.965016328735615,wel_506732
0,8,763,444,-55.965016328735615,wel_506735
0,8,761,443,-297.44369789531703,wel_506747
0,8,761,443,-297.44369789531703,wel_506750
0,8,761,443,-297.44369789531703,wel_506753
0,8,777,443,-890.2583153034054,wel_506759
0,8,728,482,-1227.084802467092,wel_506783
0,8,728,482,-1227.084802467092,wel_506786
0,8,817,451,-12.125753537892717,wel_506798
0,8,817,451,-10.882086508365258,wel_506801
0,8,817,452,-10.882086508365258,wel_506804
0,8,743,470,-82.91113530183054,wel_506807
0,8,743,470,-82.91113530183054,wel_506810
0,8,743,470,-82.91113530183054,wel_506813
0,8,743,470,-82.91113530183054,wel_506816
0,8,750,478,-78.76557853673901,wel_506819
0,8,752,463,-78.76557853673901,wel_506822
0,8,752,463,-78.76557853673901,wel_506825
0,8,753,463,-78.76557853673901,wel_506828
0,8,691,514,-336.8264871636866,wel_506831
0,8,715,508,-51.81945956364409,wel_506841
0,8,700,499,-279.82508164367806,wel_506850
0,8,707,511,-310.9167573818645,wel_506853
0,8,708,514,-186.55005442911872,wel_506856
0,8,706,516,-93.27502721455936,wel_506859
0,8,707,514,-93.27502721455936,wel_506862
0,8,709,514,-103.63891912728818,wel_506865
0,8,703,515,-331.64454120732216,wel_506868
0,8,702,515,-248.73340590549162,wel_506871
0,8,701,516,-114.002811040017,wel_506874
0,8,703,512,-290.1889735564069,wel_506877
0,8,729,550,-155.95584550274324,wel_506880
0,8,768,466,-25.184257347931027,wel_506883
0,8,769,465,-11.193003265747123,wel_506886
0,8,706,484,-224.89645450621532,wel_506889
0,8,730,451,-81.87474611055765,wel_506892
0,8,683,495,-21.453256259348652,wel_506895
0,8,683,495,-14.302170839565768,wel_506898
0,8,683,495,-22.16836480132694,wel_506901
0,8,683,495,-19.307930633413786,wel_506904
0,8,682,496,-34.998862989285215,wel_506907
0,8,685,485,-77.72918934546612,wel_506910
0,8,685,485,-77.72918934546612,wel_506913
0,8,785,463,-236.29673561021704,wel_506916
0,8,698,470,-671.5801959448273,wel_506934
0,8,751,469,-46.63751360727968,wel_506940
0,8,752,469,-46.63751360727968,wel_506942
0,8,752,469,-46.63751360727968,wel_506944
0,8,782,456,-49.746681181098324,wel_506946
0,8,742,435,-5.51359049757173,wel_506949
0,8,750,462,-134.73059486547461,wel_506952
0,8,743,464,-307.1857562932821,wel_506955
0,8,743,468,-271.533968113495,wel_506958
0,8,745,504,-124.36670295274581,wel_506975
0,8,746,504,-124.36670295274581,wel_506978
0,8,690,375,-3597.835441395722,wel_509531
0,8,604,443,-481.40277934625357,wel_509567
0,8,604,443,-248.00793347160058,wel_509570
0,8,604,443,-464.4059966093783,wel_509573
0,8,603,443,-249.35523942025534,wel_509576
0,8,604,443,-202.30317013646652,wel_509579
0,8,507,431,-0.263242854583312,wel_509582
0,8,508,430,-0.2666111194549488,wel_509585
0,8,509,429,-0.2277983442417794,wel_509588
0,8,507,432,-0.27205216270913146,wel_509591
0,8,509,429,-0.2565063248400382,wel_509594
0,8,507,432,-0.42595595761315436,wel_509597
0,8,545,326,-103.43164128903359,wel_509603
0,8,545,325,-103.43164128903359,wel_509606
0,8,592,338,-991.513539290766,wel_509609
0,8,594,338,-2637.299575032102,wel_509612
0,8,592,338,-1452.603090488071,wel_509615
0,8,614,384,-71.51085419782883,wel_509618
0,8,551,380,-148.20365435202208,wel_509624
0,8,548,386,-103.63891912728818,wel_509630
0,8,476,327,-22.07508977411238,wel_509636
0,8,474,324,-68.2980477048829,wel_509639
0,8,719,395,-57.623239034772226,wel_509642
0,8,720,395,-57.623239034772226,wel_509645
0,8,677,410,-73.79091041862918,wel_509648
0,8,677,410,-73.79091041862918,wel_509651
0,8,469,315,-3848.1130671962096,wel_509657
0,8,727,358,-97.47240343921453,wel_509660
0,8,727,358,-8.507718871159087,wel_509663
0,8,716,403,-208.93606096061296,wel_509666
0,8,682,437,-107.7844758923797,wel_509671
0,8,680,442,-282.9342492174967,wel_509677
0,8,681,444,-49.746681181098324,wel_509683
0,8,703,401,-62.805184991136635,wel_509686
0,8,703,401,-62.805184991136635,wel_509689
0,8,613,432,-6.207971255724561,wel_509699
0,8,706,400,-280.7371041319982,wel_509705
0,8,706,394,-11.856292348161766,wel_509711
0,8,706,394,-11.856292348161766,wel_509714
0,8,599,332,-80.6310790810302,wel_509717
0,8,554,346,-331.229985530813,wel_509720
0,8,554,345,-39.38278926836951,wel_509723
0,8,597,435,-203.4121065711285,wel_509726
0,8,597,437,-64.25612985891867,wel_509729
0,8,597,435,-151.20918300671343,wel_509732
0,8,541,423,-182.07285312281985,wel_509744
0,8,472,322,-441.5017954822476,wel_509750
0,8,621,361,-28.64579724678245,wel_509753
0,8,621,361,-19.46338901210472,wel_509756
0,8,664,409,-1.8655005442911872,wel_509762
0,8,663,408,-145.50904245471258,wel_509765
0,8,663,408,-133.73566124185265,wel_509768
0,8,595,350,-3383.7070705868314,wel_509773
0,8,685,429,-352.37232503277977,wel_509779
0,8,689,431,-238.3695139927628,wel_509782
0,8,684,423,-253.915351861856,wel_509785
0,8,687,423,-347.19037907641535,wel_509788
0,8,651,429,-335.79009797241366,wel_509791
0,8,649,429,-335.79009797241366,wel_509794
0,8,649,430,-335.79009797241366,wel_509797
0,8,653,428,-335.79009797241366,wel_509800
0,8,623,351,-6.529251905019155,wel_509803
0,8,623,351,-14.98618770580587,wel_509806
0,8,682,426,-269.46118973094923,wel_509809
0,8,517,567,-2351.774352836423,wel_509830
0,8,617,568,-15.545837869093226,wel_509878
0,8,617,568,-15.545837869093226,wel_509881
0,8,565,561,-3.42008433120051,wel_509957
0,8,612,566,-74.62002177164749,wel_510119
0,8,498,567,-173.18063386169854,wel_510170
0,8,484,568,-20.67596436589399,wel_510192
0,8,484,568,-1.20117507268527,wel_510194
0,8,548,561,-36.812544074012756,wel_510265
0,8,547,565,-83.94752449310342,wel_510398
0,8,558,567,-244.5878491404001,wel_510755
0,8,542,565,-327.4989844422306,wel_510776
0,8,540,560,-205.20505987203057,wel_510782
0,8,536,567,-78.76557853673901,wel_510820
0,8,585,564,-69.95627041091952,wel_510894
0,8,585,565,-69.95627041091952,wel_510897
0,8,588,564,-115.08065579894078,wel_510939
0,8,583,568,-77.72918934546612,wel_511091
0,8,538,562,-103.63891912728818,wel_511138
0,8,751,354,-255.9881302444018,wel_513016
0,8,749,365,-334.7537087811408,wel_513019
0,8,762,342,-157.84207383085987,wel_513025
0,8,774,335,-161.67671383856955,wel_513031
0,8,775,424,-508.86709291498494,wel_513034
0,8,780,434,-31.091675738186453,wel_513037
0,8,780,434,-31.091675738186453,wel_513040
0,8,782,434,-109.44269859841631,wel_513043
0,8,791,425,-1193.2363314801196,wel_513046
0,8,794,430,-227.28014964614295,wel_513049
0,8,800,426,-266.4556610762579,wel_513051
0,8,798,434,-325.42620605968483,wel_513054
0,8,815,435,-131.62142729165598,wel_513057
0,8,813,437,-461.19319011643233,wel_513060
0,8,784,411,-294.3345303214984,wel_513063
0,8,802,420,-194.3229733636653,wel_513066
0,8,816,341,-243.41672935426172,wel_513069
0,8,790,342,-2636.574102598211,wel_513072
0,8,807,420,-167.06593763318853,wel_513075
0,8,793,418,-241.47868156658143,wel_513078
0,8,789,417,-241.47868156658143,wel_513081
0,8,792,417,-241.47868156658143,wel_513084
0,8,813,377,-21.12990283167151,wel_513087
0,8,799,386,-124.62580025056403,wel_513093
0,8,755,423,-450.622020365449,wel_513102
0,8,756,423,-342.5266277156874,wel_513105
0,8,760,423,-490.21208747207305,wel_513108
0,8,764,424,-739.9818825688376,wel_513111
0,8,766,424,-513.219927518331,wel_513114
0,8,735,413,-2.1764173016730517,wel_513123
0,8,736,413,-2.1764173016730517,wel_513126
0,8,736,413,-2.1764173016730517,wel_513129
0,8,736,413,-2.1764173016730517,wel_513132
0,8,737,413,-2.1764173016730517,wel_513135
0,8,760,362,-0.1989867247243933,wel_513138
0,8,781,424,-733.7635474212002,wel_513141
0,8,781,424,-821.3384340837588,wel_513143
0,8,806,437,-758.6368880117494,wel_513145
0,8,806,437,-828.0749638270324,wel_513147
0,8,820,403,-104.67530831856105,wel_513149
0,8,820,403,-104.67530831856105,wel_513152
0,8,757,345,-24.873340590549162,wel_513157
0,8,756,344,-24.873340590549162,wel_513160
0,8,756,344,-24.873340590549162,wel_513163
0,8,756,344,-24.873340590549162,wel_513166
0,8,748,367,-124.36670295274581,wel_513172
0,8,747,367,-93.27502721455936,wel_513175
0,8,749,364,-124.36670295274581,wel_513178
0,8,758,366,-26.863207837793095,wel_513181
0,8,758,367,-13.431603918896547,wel_513184
0,8,758,372,-35.817610450390795,wel_513187
0,8,757,375,-37.31001088582374,wel_513190
0,8,761,367,-169.76054953049803,wel_513193
0,8,824,438,-181.3681084727543,wel_513196
0,8,822,438,-189.65922200293736,wel_513199
0,8,826,437,-94.51869424408682,wel_513202
0,8,562,525,-24.873340590549162,wel_513911
0,8,561,526,-1197.0295159201785,wel_513914
0,8,563,529,-1046.7530831856104,wel_513919
0,8,562,531,-345.11760069386963,wel_513922
0,8,562,525,-1018.7705750212427,wel_513925
0,8,532,512,-451.8656873949764,wel_513928
0,8,532,513,-575.1960011564494,wel_513931
0,8,533,512,-608.3604552771816,wel_513934
0,8,531,513,-417.66484408297134,wel_513937
0,8,531,513,-903.7313747899528,wel_513941
0,8,503,485,-147.76837089168748,wel_513944
0,8,618,557,-124.36670295274581,wel_513950
0,8,622,556,-176.18616251638989,wel_513953
0,8,613,563,-76.69280015419325,wel_513957
0,8,613,563,-81.35655151492121,wel_513960
0,8,616,565,-146.1308759694763,wel_513963
0,8,615,543,-151.10554408758614,wel_513966
0,8,465,461,-61.146962285100024,wel_513969
0,8,465,461,-61.146962285100024,wel_513972
0,8,465,461,-61.146962285100024,wel_513975
0,8,464,461,-61.146962285100024,wel_513978
0,8,464,461,-61.146962285100024,wel_513981
0,8,464,461,-61.146962285100024,wel_513984
0,8,464,461,-61.146962285100024,wel_513987
0,8,463,460,-61.146962285100024,wel_513990
0,8,466,475,-1083.0267048801613,wel_513993
0,8,466,461,-61.146962285100024,wel_513996
0,8,466,461,-61.146962285100024,wel_513999
0,8,466,461,-61.146962285100024,wel_514002
0,8,466,461,-61.146962285100024,wel_514005
0,8,466,461,-61.146962285100024,wel_514008
0,8,466,461,-61.146962285100024,wel_514011
0,8,465,461,-61.146962285100024,wel_514014
0,8,465,461,-61.146962285100024,wel_514017
0,8,461,469,-330.60815201604925,wel_514020
0,8,544,499,-34.408121150259674,wel_514023
0,8,623,552,-130.8337715062886,wel_514026
0,8,631,553,-87.05669206692207,wel_514029
0,8,630,556,-138.29577368345335,wel_514032
0,8,592,447,-340.2672992787125,wel_514038
0,8,590,511,-58.203616981885034,wel_514041
0,8,612,549,-41.45556765091527,wel_514044
0,8,612,550,-51.81945956364409,wel_514047
0,8,472,515,-15.0690988411077,wel_514050
0,8,508,533,-7.918013421324816,wel_514052
0,8,609,520,-75.65641096292036,wel_514056
0,8,684,553,-145.09448677820345,wel_514059
0,8,548,531,-11.408572217531882,wel_514068
0,8,639,528,-450.82929820370356,wel_514074
0,8,639,533,-515.0854280626222,wel_514077
0,8,679,556,-64.67068553542782,wel_514089
0,8,622,484,-7.1583401441217935,wel_514110
0,8,621,483,-7.1583401441217935,wel_514113
0,8,676,567,-36.27362169455086,wel_514120
0,8,676,567,-36.27362169455086,wel_514123
0,8,676,568,-36.27362169455086,wel_514126
0,8,676,568,-36.27362169455086,wel_514129
0,8,606,525,-63.427018505900364,wel_514132
0,8,663,553,-186.55005442911872,wel_514135
0,8,557,455,-0.11400281104001699,wel_514141
0,8,558,455,-33.2680930398595,wel_514144
0,8,621,540,-133.69420567420175,wel_514153
0,8,623,548,-105.71169750983394,wel_514156
0,8,651,551,-41.45556765091527,wel_514159
0,8,640,527,-51.81945956364409,wel_514160
0,8,641,549,-51.81945956364409,wel_514161
0,8,615,539,-83.94752449310342,wel_514167
0,8,585,560,-74.62002177164749,wel_514173
0,8,538,517,-869.5305314779478,wel_514176
0,8,538,516,-1865.500544291187,wel_514179
0,8,541,516,-1307.9231593863767,wel_514182
0,8,536,517,-2486.297669863643,wel_514185
0,8,596,561,-249.87343401589177,wel_514191
0,8,600,558,-263.1392156641847,wel_514194
0,8,469,449,-0.47010613716137917,wel_514197
0,8,626,556,-148.20365435202208,wel_514200
0,8,652,543,-159.60393545602378,wel_514205
0,8,655,540,-65.29251905019154,wel_514208
0,8,659,546,-117.11197861383563,wel_514214
0,8,653,541,-44.564735224733916,wel_514217
0,8,636,454,-123.50649992398931,wel_514220
0,8,637,452,-278.59177850606335,wel_514223
0,8,637,453,-267.91696983595267,wel_514226
0,8,636,451,-220.66798660582197,wel_514229
0,8,473,457,-3.4573943420863333,wel_514232
0,8,560,555,-32.13842882137206,wel_514235
0,8,565,560,-0.11400281104001699,wel_514238
0,8,650,563,-108.82086508365258,wel_514241
0,8,650,563,-108.82086508365258,wel_514244
0,8,593,555,-135.29024502876197,wel_514247
0,8,594,549,-63.43738239781309,wel_514250
0,8,594,549,-91.4198905621809,wel_514253
0,8,594,551,-91.4198905621809,wel_514256
0,8,585,556,-102.60252993601529,wel_514274
0,8,672,558,-167.89504898620683,wel_514280
0,8,505,542,-27.36067464960408,wel_514283
0,8,499,543,-14.924004354329497,wel_514286
0,8,513,538,-18.65500544291187,wel_514289
0,8,678,566,-121.25753537892716,wel_514292
0,8,668,540,-59.54055903862705,wel_514295
0,8,668,540,-120.29369343104338,wel_514298
0,8,556,544,-1179.4108996685393,wel_514301
0,8,557,544,-833.2569097833968,wel_514304
0,8,559,543,-746.2002177164749,wel_514307
0,8,559,540,-938.9686072932308,wel_514310
0,8,558,540,-1003.2247371521495,wel_514313
0,8,556,547,-1051.9350291419748,wel_514316
0,8,653,567,-167.3768543905704,wel_514320
0,8,640,552,-46.63751360727968,wel_514322
0,8,651,555,-134.73059486547461,wel_514325
0,8,651,556,-134.73059486547461,wel_514328
0,8,672,541,-268.42480053967637,wel_514331
0,8,653,516,-130.5850381003831,wel_514334
0,8,615,547,-177.53346846504465,wel_514336
0,8,675,565,-22.8005622080034,wel_514339
0,8,675,565,-22.8005622080034,wel_514342
0,8,675,565,-21.764173016730517,wel_514345
0,8,674,565,-108.82086508365258,wel_514348
0,8,632,559,-63.841574182409516,wel_514351
0,8,633,559,-63.841574182409516,wel_514354
0,8,633,559,-63.841574182409516,wel_514357
0,8,836,290,-279.42177372633023,wel_6176
0,8,835,297,-279.42177372633023,wel_6177
0,8,694,204,-279.42177372633023,wel_6201
0,8,704,320,-279.42177372633023,wel_6202
0,8,751,220,-279.42177372633023,wel_6203
0,8,751,222,-279.42177372633023,wel_6204
0,8,754,290,-279.42177372633023,wel_6205
0,8,755,260,-279.42177372633023,wel_6206
0,8,756,259,-279.42177372633023,wel_6207
0,8,753,247,-279.42177372633023,wel_6208
0,8,754,246,-279.42177372633023,wel_6209
0,8,752,242,-279.42177372633023,wel_6210
0,8,763,274,-279.42177372633023,wel_6211
0,8,761,274,-279.42177372633023,wel_6212
0,8,756,320,-279.42177372633023,wel_6213
0,8,763,318,-279.42177372633023,wel_6214
0,8,766,296,-279.42177372633023,wel_6215
0,8,764,292,-279.42177372633023,wel_6216
0,8,764,294,-279.42177372633023,wel_6217
0,8,771,218,-279.42177372633023,wel_6218
0,8,770,219,-279.42177372633023,wel_6219
0,8,771,308,-279.42177372633023,wel_6220
0,8,768,326,-279.42177372633023,wel_6221
0,8,778,294,-279.42177372633023,wel_6222
0,8,783,282,-279.42177372633023,wel_6223
0,8,799,176,-279.42177372633023,wel_6224
0,8,792,266,-279.42177372633023,wel_6225
0,8,791,267,-279.42177372633023,wel_6226
0,8,785,282,-279.42177372633023,wel_6227
0,8,782,326,-279.42177372633023,wel_6228
0,8,790,327,-279.42177372633023,wel_6229
0,8,794,324,-279.42177372633023,wel_6230
0,8,796,319,-279.42177372633023,wel_6231
0,8,805,249,-279.42177372633023,wel_6232
0,8,801,250,-279.42177372633023,wel_6233
0,8,799,250,-279.42177372633023,wel_6234
0,8,809,168,-279.42177372633023,wel_6235
0,8,817,201,-279.42177372633023,wel_6236
0,8,814,234,-279.42177372633023,wel_6237
0,8,813,248,-279.42177372633023,wel_6238
0,8,812,249,-279.42177372633023,wel_6239
0,8,810,253,-279.42177372633023,wel_6240
0,8,808,256,-279.42177372633023,wel_6241
0,8,806,258,-279.42177372633023,wel_6242
0,8,808,258,-279.42177372633023,wel_6243
0,8,806,274,-279.42177372633023,wel_6244
0,8,805,272,-279.42177372633023,wel_6245
0,8,803,320,-279.42177372633023,wel_6246
0,8,800,319,-279.42177372633023,wel_6247
0,8,794,331,-279.42177372633023,wel_6248
0,8,796,332,-279.42177372633023,wel_6249
0,8,791,323,-279.42177372633023,wel_6250
0,8,801,235,-279.42177372633023,wel_6251
0,8,810,251,-279.42177372633023,wel_6252
0,8,816,280,-279.42177372633023,wel_6253
0,8,822,280,-279.42177372633023,wel_6254
0,8,812,271,-279.42177372633023,wel_6255
0,8,814,271,-279.42177372633023,wel_6256
0,8,819,260,-279.42177372633023,wel_6257
0,8,819,258,-279.42177372633023,wel_6258
0,8,829,204,-279.42177372633023,wel_6259
0,8,825,259,-279.42177372633023,wel_6260
0,8,823,297,-279.42177372633023,wel_6261
0,8,822,335,-279.42177372633023,wel_6262
0,8,828,303,-279.42177372633023,wel_6263
0,8,832,287,-279.42177372633023,wel_6264
0,8,610,89,-279.42177372633023,wel_6654
